<?xml version="1.0" encoding="UTF-8" standalone="no"?>
<Portfolio>
                    
    
    
    
    <Stocks>
                                        
        
    
        
        
    
        
        
    
        
        
    
        <Stock>
            <Name>META</Name>
            <Quantity>23.917542111936243</Quantity>
        </Stock>
        <Stock>
            <Name>AAPL</Name>
            <Quantity>35.52620932786222</Quantity>
        </Stock>
    </Stocks>
                    
    
    
    
    <Transactions>
                                        
        
        
        
    
        
        
        
        
        
        
    
        
        
        
        
        
        
    
        
        
        
        
        
        
        
        
    
        <Transaction>
            <Type>buy</Type>
            <StockName>AAPL</StockName>
            <Quantity>20.0</Quantity>
            <Date>2024-05-01</Date>
        </Transaction>
        <Transaction>
            <Type>buy</Type>
            <StockName>META</StockName>
            <Quantity>10.0</Quantity>
            <Date>2024-05-01</Date>
        </Transaction>
        <Transaction>
            <Type>sell</Type>
            <StockName>META</StockName>
            <Quantity>6.0824578880637565</Quantity>
            <Date>2024-05-02</Date>
        </Transaction>
        <Transaction>
            <Type>buy</Type>
            <StockName>AAPL</StockName>
            <Quantity>15.526209327862222</Quantity>
            <Date>2024-05-02</Date>
        </Transaction>
        <Transaction>
            <Type>buy</Type>
            <StockName>META</StockName>
            <Quantity>20.0</Quantity>
            <Date>2024-05-01</Date>
        </Transaction>
        <Transaction>
            <Type>buy</Type>
            <StockName>META</StockName>
            <Quantity>20.0</Quantity>
            <Date>2024-05-01</Date>
        </Transaction>
        <Transaction>
            <Type>sell</Type>
            <StockName>META</StockName>
            <Quantity>10.0</Quantity>
            <Date>2024-05-02</Date>
        </Transaction>
        <Transaction>
            <Type>sell</Type>
            <StockName>META</StockName>
            <Quantity>10.0</Quantity>
            <Date>2024-05-02</Date>
        </Transaction>
    </Transactions>
                    




</Portfolio>
