<Portfolio>
        
    

    <Stocks>
        <Stock>
            <Name>META</Name>
            <Quantity>1.0</Quantity>
        </Stock>
        <Stock>
            <Name>AAPL</Name>
            <Quantity>1.0</Quantity>
        </Stock>
    </Stocks>
    <Transactions>
        <Transaction>
            <Type>buy</Type>
            <StockName>AAPL</StockName>
            <Quantity>1.0</Quantity>
            <Date>2024-05-01</Date>
        </Transaction>
        <Transaction>
            <Type>buy</Type>
            <StockName>META</StockName>
            <Quantity>1.0</Quantity>
            <Date>2024-05-01</Date>
        </Transaction>
        <Transaction>
            <Type>buy</Type>
            <StockName>META</StockName>
            <Quantity>1.0</Quantity>
            <Date>2024-05-01</Date>
        </Transaction>
    </Transactions>
</Portfolio>
