<Portfolio>
            
    

    
    

    <Stocks>
        <Stock>
            <Name>GOOG</Name>
            <Quantity>10.0</Quantity>
        </Stock>
        <Stock>
            <Name>AAPL</Name>
            <Quantity>15.0</Quantity>
        </Stock>
    </Stocks>
    <Transactions>
        <Transaction>
            <Type>buy</Type>
            <StockName>AAPL</StockName>
            <Quantity>5.0</Quantity>
            <Date>2024-05-01</Date>
        </Transaction>
        <Transaction>
            <Type>buy</Type>
            <StockName>AAPL</StockName>
            <Quantity>10.0</Quantity>
            <Date>2024-05-01</Date>
        </Transaction>
        <Transaction>
            <Type>sell</Type>
            <StockName>AAPL</StockName>
            <Quantity>5.0</Quantity>
            <Date>2024-05-02</Date>
        </Transaction>
        <Transaction>
            <Type>sell</Type>
            <StockName>AAPL</StockName>
            <Quantity>5.0</Quantity>
            <Date>2024-05-02</Date>
        </Transaction>
    </Transactions>
</Portfolio>
